{
 "source": "MIMIC-IV-ED Demo 2.2 (open access)",
 "n_stays": 222,
 "note": "real de-identified ED stays; MIMIC date-shifting preserves time-of-day",
 "arrival_hour_weights": [
  2,
  3,
  3,
  2,
  4,
  5,
  5,
  2,
  5,
  7,
  6,
  14,
  14,
  10,
  15,
  13,
  17,
  14,
  20,
  14,
  15,
  15,
  8,
  6
 ],
 "acuity_mix": {
  "1": 18,
  "2": 97,
  "3": 102,
  "4": 2
 },
 "sex_mix": {
  "F": 120,
  "M": 99
 },
 "transport_by_acuity": {
  "1": {
   "walk-in": 5,
   "ambulance": 7,
   "other": 6
  },
  "2": {
   "ambulance": 68,
   "other": 4,
   "walk-in": 25
  },
  "3": {
   "walk-in": 42,
   "ambulance": 57,
   "other": 3
  },
  "4": {
   "walk-in": 2
  }
 },
 "admit_rate_by_acuity": {
  "1": 0.944,
  "2": 0.773,
  "3": 0.569,
  "4": 0.0
 },
 "los_min_quantiles": {
  "acuity12_admitted": {
   "p10": 158.0,
   "p25": 221.0,
   "p50": 323.0,
   "p75": 410.0,
   "p80": 490.0,
   "p90": 692.8,
   "p95": 1025.0
  },
  "acuity12_all": {
   "p10": 158.0,
   "p25": 226.0,
   "p50": 334.0,
   "p75": 546.0,
   "p80": 654.0,
   "p90": 1025.0,
   "p95": 1247.0
  },
  "acuity12_discharged": {
   "p10": 180.0,
   "p25": 344.0,
   "p50": 651.0,
   "p75": 1115.0,
   "p80": 1125.0,
   "p90": 1247.0,
   "p95": 1861.0
  },
  "acuity3_admitted": {
   "p10": 141.55,
   "p25": 259.0,
   "p50": 398.6,
   "p75": 474.0,
   "p80": 527.1166666666667,
   "p90": 797.0,
   "p95": 1051.0
  },
  "acuity3_all": {
   "p10": 173.0,
   "p25": 261.0,
   "p50": 384.0,
   "p75": 476.0,
   "p80": 533.0,
   "p90": 797.0,
   "p95": 1051.0
  },
  "acuity3_discharged": {
   "p10": 184.83333333333334,
   "p25": 296.0,
   "p50": 362.0,
   "p75": 528.0,
   "p80": 534.0,
   "p90": 873.0,
   "p95": 1240.0
  },
  "acuity45_all": {
   "p10": 421.0,
   "p25": 421.0,
   "p50": 580.0,
   "p75": 580.0,
   "p80": 580.0,
   "p90": 580.0,
   "p95": 580.0
  },
  "acuity45_discharged": {
   "p10": 421.0,
   "p25": 421.0,
   "p50": 580.0,
   "p75": 580.0,
   "p80": 580.0,
   "p90": 580.0,
   "p95": 580.0
  }
 },
 "pathway_weights": {
  "General Medical": 103,
  "Abdominal Pain Workup": 29,
  "Minor Injury": 23,
  "COPD Exacerbation": 22,
  "Chest Pain Rule-Out": 13,
  "Sepsis": 11,
  "Arrhythmia": 7,
  "GI Bleed": 5,
  "Tox / Overdose": 4,
  "Stroke Alert": 1,
  "Renal Colic": 1
 },
 "vitals_quantiles_by_acuity": {
  "1": {
   "hr": {
    "p10": 76.0,
    "p25": 90.0,
    "p50": 101.0,
    "p75": 130.0,
    "p80": 130.0,
    "p90": 140.0,
    "p95": 157.0
   },
   "sbp": {
    "p10": 86.0,
    "p25": 94.0,
    "p50": 106.0,
    "p75": 139.0,
    "p80": 139.0,
    "p90": 154.0,
    "p95": 190.0
   },
   "rr": {
    "p10": 16.0,
    "p25": 18.0,
    "p50": 20.0,
    "p75": 26.0,
    "p80": 26.0,
    "p90": 32.0,
    "p95": 32.0
   },
   "pain": {
    "p10": 0.0,
    "p25": 0.0,
    "p50": 0.0,
    "p75": 5.0,
    "p80": 10.0,
    "p90": 13.0,
    "p95": 13.0
   },
   "temp_c": {
    "p10": 36.6,
    "p25": 36.6,
    "p50": 36.8,
    "p75": 37.3,
    "p80": 37.3,
    "p90": 37.9,
    "p95": 37.9
   },
   "spo2": {
    "p10": 91.0,
    "p25": 94.0,
    "p50": 95.0,
    "p75": 100.0,
    "p80": 100.0,
    "p90": 100.0,
    "p95": 100.0
   }
  },
  "2": {
   "hr": {
    "p10": 69.0,
    "p25": 80.0,
    "p50": 95.0,
    "p75": 103.0,
    "p80": 106.0,
    "p90": 118.0,
    "p95": 125.0
   },
   "sbp": {
    "p10": 100.0,
    "p25": 114.0,
    "p50": 134.0,
    "p75": 155.0,
    "p80": 159.0,
    "p90": 176.0,
    "p95": 182.0
   },
   "rr": {
    "p10": 16.0,
    "p25": 16.0,
    "p50": 18.0,
    "p75": 20.0,
    "p80": 20.0,
    "p90": 22.0,
    "p95": 22.0
   },
   "spo2": {
    "p10": 95.0,
    "p25": 96.0,
    "p50": 98.0,
    "p75": 99.0,
    "p80": 100.0,
    "p90": 100.0,
    "p95": 100.0
   },
   "pain": {
    "p10": 0.0,
    "p25": 0.0,
    "p50": 2.0,
    "p75": 7.0,
    "p80": 8.0,
    "p90": 10.0,
    "p95": 13.0
   },
   "temp_c": {
    "p10": 36.1,
    "p25": 36.4,
    "p50": 36.7,
    "p75": 37.0,
    "p80": 37.1,
    "p90": 37.4,
    "p95": 37.7
   }
  },
  "3": {
   "hr": {
    "p10": 67.0,
    "p25": 76.0,
    "p50": 86.0,
    "p75": 105.0,
    "p80": 106.0,
    "p90": 114.0,
    "p95": 118.0
   },
   "sbp": {
    "p10": 107.0,
    "p25": 124.0,
    "p50": 137.0,
    "p75": 158.0,
    "p80": 160.0,
    "p90": 178.0,
    "p95": 189.0
   },
   "rr": {
    "p10": 16.0,
    "p25": 16.0,
    "p50": 18.0,
    "p75": 18.0,
    "p80": 18.0,
    "p90": 20.0,
    "p95": 22.0
   },
   "spo2": {
    "p10": 96.0,
    "p25": 97.0,
    "p50": 99.0,
    "p75": 100.0,
    "p80": 100.0,
    "p90": 100.0,
    "p95": 100.0
   },
   "pain": {
    "p10": 0.0,
    "p25": 0.0,
    "p50": 5.0,
    "p75": 8.0,
    "p80": 9.0,
    "p90": 10.0,
    "p95": 10.0
   },
   "temp_c": {
    "p10": 36.1,
    "p25": 36.4,
    "p50": 36.7,
    "p75": 36.9,
    "p80": 37.0,
    "p90": 37.4,
    "p95": 37.7
   }
  },
  "4": {
   "hr": {
    "p10": 66.0,
    "p25": 66.0,
    "p50": 102.0,
    "p75": 102.0,
    "p80": 102.0,
    "p90": 102.0,
    "p95": 102.0
   },
   "sbp": {
    "p10": 121.0,
    "p25": 121.0,
    "p50": 165.0,
    "p75": 165.0,
    "p80": 165.0,
    "p90": 165.0,
    "p95": 165.0
   },
   "rr": {
    "p10": 14.0,
    "p25": 14.0,
    "p50": 18.0,
    "p75": 18.0,
    "p80": 18.0,
    "p90": 18.0,
    "p95": 18.0
   },
   "spo2": {
    "p10": 98.0,
    "p25": 98.0,
    "p50": 99.0,
    "p75": 99.0,
    "p80": 99.0,
    "p90": 99.0,
    "p95": 99.0
   },
   "pain": {
    "p10": 8.0,
    "p25": 8.0,
    "p50": 8.0,
    "p75": 8.0,
    "p80": 8.0,
    "p90": 8.0,
    "p95": 8.0
   },
   "temp_c": {
    "p10": 36.1,
    "p25": 36.1,
    "p50": 36.6,
    "p75": 36.6,
    "p80": 36.6,
    "p90": 36.6,
    "p95": 36.6
   }
  }
 }
}